{"nm":"tap-button","mn":"","layers":[{"ty":4,"nm":"Layer 1/tap-button Outlines","mn":"","sr":1,"st":0,"op":150.000006109625,"ip":0,"hd":false,"cl":"","ln":"","ddd":0,"bm":0,"tt":0,"hasMask":false,"td":0,"ao":0,"ks":{"a":{"a":0,"k":[50,50,0]},"s":{"a":0,"k":[100,100,100]},"sk":{"a":0,"k":0},"p":{"a":0,"k":[50,50,0]},"sa":{"a":0,"k":0},"o":{"a":0,"k":72},"r":{"a":1,"k":[{"o":{"x":0.167,"y":0.167},"i":{"x":0.833,"y":0.833},"s":[0],"t":0},{"o":{"x":0.167,"y":0.167},"i":{"x":0.833,"y":0.833},"s":[1800],"t":149.000006068894}]}},"ef":[],"shapes":[{"ty":"gr","bm":0,"cl":"","ln":"","hd":false,"mn":"ADBE Vector Group","nm":"Group 1","ix":1,"cix":2,"np":2,"it":[{"ty":"sh","bm":0,"cl":"","ln":"","hd":false,"mn":"ADBE Vector Shape - Group","nm":"Path 1","ix":1,"d":1,"ks":{"a":0,"k":{"c":true,"i":[[18.777,0],[0,18.777],[-18.778,0],[0,-18.778]],"o":[[-18.778,0],[0,-18.778],[18.777,0],[0,18.777]],"v":[[0,34],[-34,0],[0,-34],[34,0]]}}},{"ty":"sh","bm":0,"cl":"","ln":"","hd":false,"mn":"ADBE Vector Shape - Group","nm":"Path 2","ix":2,"d":1,"ks":{"a":0,"k":{"c":true,"i":[[19.882,0],[0,-19.882],[-19.882,0],[0,19.882]],"o":[[-19.882,0],[0,19.882],[19.882,0],[0,-19.882]],"v":[[0,-36],[-36,0],[0,36],[36,0]]}}},{"ty":"tr","a":{"a":0,"k":[0,0],"ix":1},"s":{"a":0,"k":[100,100],"ix":3},"sk":{"a":0,"k":0,"ix":4},"p":{"a":0,"k":[50,50],"ix":2},"r":{"a":0,"k":0,"ix":6},"sa":{"a":0,"k":0,"ix":5},"o":{"a":0,"k":100,"ix":7}}]},{"ty":"gf","bm":0,"cl":"","ln":"","hd":false,"mn":"ADBE Vector Graphic - G-Fill","nm":"Gradient Fill 1","e":{"a":0,"k":[100,0]},"g":{"p":3,"k":{"a":0,"k":[0,1,1,1,0.5,1,1,1,1,1,1,1,0,0,0.5,0.5,1,1]}},"t":1,"a":{"a":0,"k":0},"s":{"a":0,"k":[0,0]},"r":1,"o":{"a":0,"k":99}}],"ind":0},{"ty":4,"nm":"Layer 4 Outlines","mn":"","sr":1,"st":0,"op":153.000006231818,"ip":0,"hd":false,"cl":"","ln":"","ddd":0,"bm":0,"tt":0,"hasMask":false,"td":0,"ao":0,"ks":{"a":{"a":0,"k":[50,50,0]},"s":{"a":0,"k":[100,100,100]},"sk":{"a":0,"k":0},"p":{"a":0,"k":[50,50,0]},"sa":{"a":0,"k":0},"o":{"a":0,"k":10},"r":{"a":0,"k":0}},"ef":[],"shapes":[{"ty":"gr","bm":0,"cl":"","ln":"","hd":false,"mn":"ADBE Vector Group","nm":"Group 1","ix":1,"cix":2,"np":3,"it":[{"ty":"sh","bm":0,"cl":"","ln":"","hd":false,"mn":"ADBE Vector Shape - Group","nm":"Path 1","ix":1,"d":1,"ks":{"a":0,"k":{"c":true,"i":[[16.028,0],[0,-19.882],[-1.145,-3.512],[-27.666,19.848]],"o":[[-19.882,0],[0,3.896],[15.085,0.642],[-4.663,-14.477]],"v":[[0.867,-23.617],[-35.133,12.383],[-33.362,23.538],[35.134,1.339]]}}},{"ty":"mm","bm":0,"cl":"","ln":"","hd":false,"mn":"ADBE Vector Filter - Merge","nm":"Merge Paths 1","mm":4},{"ty":"fl","bm":0,"cl":"","ln":"","hd":false,"mn":"ADBE Vector Graphic - Fill","nm":"Fill 1","c":{"a":0,"k":[1,1,1]},"r":1,"o":{"a":0,"k":100}},{"ty":"tr","a":{"a":0,"k":[0,0],"ix":1},"s":{"a":0,"k":[100,100],"ix":3},"sk":{"a":0,"k":0,"ix":4},"p":{"a":0,"k":[49.133,37.617],"ix":2},"r":{"a":0,"k":0,"ix":6},"sa":{"a":0,"k":0,"ix":5},"o":{"a":0,"k":100,"ix":7}}]}],"ind":1},{"ty":4,"nm":"Layer 2 Outlines","mn":"","sr":1,"st":0,"op":153.000006231818,"ip":0,"hd":false,"cl":"","ln":"","ddd":0,"bm":0,"tt":0,"hasMask":false,"td":0,"ao":0,"ks":{"a":{"a":0,"k":[50,50,0]},"s":{"a":0,"k":[100,100,100]},"sk":{"a":0,"k":0},"p":{"a":0,"k":[50,50,0]},"sa":{"a":0,"k":0},"o":{"a":0,"k":100},"r":{"a":0,"k":0}},"ef":[],"shapes":[{"ty":"gr","bm":0,"cl":"","ln":"","hd":false,"mn":"ADBE Vector Group","nm":"Group 1","ix":1,"cix":2,"np":2,"it":[{"ty":"sh","bm":0,"cl":"","ln":"","hd":false,"mn":"ADBE Vector Shape - Group","nm":"Path 1","ix":1,"d":1,"ks":{"a":0,"k":{"c":true,"i":[[0,19.882],[19.882,0],[0,-19.882],[-19.882,0]],"o":[[0,-19.882],[-19.882,0],[0,19.882],[19.882,0]],"v":[[36,0],[0,-36],[-36,0],[0,36]]}}},{"ty":"fl","bm":0,"cl":"","ln":"","hd":false,"mn":"ADBE Vector Graphic - Fill","nm":"Fill 1","c":{"a":0,"k":[1,0.2196,0.2627]},"r":1,"o":{"a":0,"k":100}},{"ty":"tr","a":{"a":0,"k":[0,0],"ix":1},"s":{"a":0,"k":[100,100],"ix":3},"sk":{"a":0,"k":0,"ix":4},"p":{"a":0,"k":[50,50],"ix":2},"r":{"a":0,"k":0,"ix":6},"sa":{"a":0,"k":0,"ix":5},"o":{"a":0,"k":100,"ix":7}}]}],"ind":2},{"ty":4,"nm":"Layer 3 Outlines 10","mn":"","sr":1,"st":120.0000048877,"op":151.000006150356,"ip":120.0000048877,"hd":false,"cl":"","ln":"","ddd":0,"bm":0,"tt":0,"hasMask":false,"td":0,"ao":0,"ks":{"a":{"a":0,"k":[50,50,0]},"s":{"a":0,"k":[100,100,100]},"sk":{"a":0,"k":0},"p":{"a":0,"k":[50,50,0]},"sa":{"a":0,"k":0},"o":{"a":0,"k":100},"r":{"a":0,"k":0}},"ef":[],"shapes":[{"ty":"gr","bm":0,"cl":"","ln":"","hd":false,"mn":"ADBE Vector Group","nm":"Group 1","ix":1,"cix":2,"np":3,"it":[{"ty":"sh","bm":0,"cl":"","ln":"","hd":false,"mn":"ADBE Vector Shape - Group","nm":"Path 1","ix":1,"d":1,"ks":{"a":0,"k":{"c":true,"i":[[22.092,0],[0,-22.091],[-22.091,0],[0,22.092]],"o":[[-22.091,0],[0,22.092],[22.092,0],[0,-22.091]],"v":[[0,-40],[-40,0],[0,40],[40,0]]}}},{"ty":"sh","bm":0,"cl":"","ln":"","hd":false,"mn":"ADBE Vector Shape - Group","nm":"Path 2","ix":2,"d":1,"ks":{"a":0,"k":{"c":true,"i":[[-21.505,0],[0,-21.505],[21.505,0],[0,21.505]],"o":[[21.505,0],[0,21.505],[-21.505,0],[0,-21.505]],"v":[[0,-39],[39,0],[0,39],[-39,0]]}}},{"ty":"fl","bm":0,"cl":"","ln":"","hd":false,"mn":"ADBE Vector Graphic - Fill","nm":"Fill 1","c":{"a":0,"k":[1,0.2196,0.2627]},"r":1,"o":{"a":0,"k":100}},{"ty":"tr","a":{"a":0,"k":[0,0],"ix":1},"s":{"a":1,"k":[{"o":{"x":0.167,"y":0.167},"i":{"x":0.833,"y":0.833},"s":[85,85],"t":120},{"o":{"x":0.167,"y":0.167},"i":{"x":0.833,"y":0.833},"s":[120,120],"t":150.000006109625}],"ix":3},"sk":{"a":0,"k":0,"ix":4},"p":{"a":0,"k":[50,50],"ix":2},"r":{"a":0,"k":0,"ix":6},"sa":{"a":0,"k":0,"ix":5},"o":{"a":1,"k":[{"o":{"x":0.167,"y":0.167},"i":{"x":0.833,"y":0.833},"s":[100],"t":120},{"o":{"x":0.167,"y":0.167},"i":{"x":0.833,"y":0.833},"s":[0],"t":150.000006109625}],"ix":7}}]}],"ind":3},{"ty":4,"nm":"Layer 3 Outlines 11","mn":"","sr":1,"st":135.000005498663,"op":166.000006761319,"ip":135.000005498663,"hd":false,"cl":"","ln":"","ddd":0,"bm":0,"tt":0,"hasMask":false,"td":0,"ao":0,"ks":{"a":{"a":0,"k":[50,50,0]},"s":{"a":0,"k":[100,100,100]},"sk":{"a":0,"k":0},"p":{"a":0,"k":[50,50,0]},"sa":{"a":0,"k":0},"o":{"a":0,"k":100},"r":{"a":0,"k":0}},"ef":[],"shapes":[{"ty":"gr","bm":0,"cl":"","ln":"","hd":false,"mn":"ADBE Vector Group","nm":"Group 1","ix":1,"cix":2,"np":3,"it":[{"ty":"sh","bm":0,"cl":"","ln":"","hd":false,"mn":"ADBE Vector Shape - Group","nm":"Path 1","ix":1,"d":1,"ks":{"a":0,"k":{"c":true,"i":[[22.092,0],[0,-22.091],[-22.091,0],[0,22.092]],"o":[[-22.091,0],[0,22.092],[22.092,0],[0,-22.091]],"v":[[0,-40],[-40,0],[0,40],[40,0]]}}},{"ty":"sh","bm":0,"cl":"","ln":"","hd":false,"mn":"ADBE Vector Shape - Group","nm":"Path 2","ix":2,"d":1,"ks":{"a":0,"k":{"c":true,"i":[[-21.505,0],[0,-21.505],[21.505,0],[0,21.505]],"o":[[21.505,0],[0,21.505],[-21.505,0],[0,-21.505]],"v":[[0,-39],[39,0],[0,39],[-39,0]]}}},{"ty":"fl","bm":0,"cl":"","ln":"","hd":false,"mn":"ADBE Vector Graphic - Fill","nm":"Fill 1","c":{"a":0,"k":[1,0.2196,0.2627]},"r":1,"o":{"a":0,"k":100}},{"ty":"tr","a":{"a":0,"k":[0,0],"ix":1},"s":{"a":1,"k":[{"o":{"x":0.167,"y":0.167},"i":{"x":0.833,"y":0.833},"s":[85,85],"t":135},{"o":{"x":0.167,"y":0.167},"i":{"x":0.833,"y":0.833},"s":[120,120],"t":165.000006720588}],"ix":3},"sk":{"a":0,"k":0,"ix":4},"p":{"a":0,"k":[50,50],"ix":2},"r":{"a":0,"k":0,"ix":6},"sa":{"a":0,"k":0,"ix":5},"o":{"a":1,"k":[{"o":{"x":0.167,"y":0.167},"i":{"x":0.833,"y":0.833},"s":[100],"t":135},{"o":{"x":0.167,"y":0.167},"i":{"x":0.833,"y":0.833},"s":[0],"t":165.000006720588}],"ix":7}}]}],"ind":4},{"ty":4,"nm":"Layer 3 Outlines 9","mn":"","sr":1,"st":105.000004276738,"op":136.000005539394,"ip":105.000004276738,"hd":false,"cl":"","ln":"","ddd":0,"bm":0,"tt":0,"hasMask":false,"td":0,"ao":0,"ks":{"a":{"a":0,"k":[50,50,0]},"s":{"a":0,"k":[100,100,100]},"sk":{"a":0,"k":0},"p":{"a":0,"k":[50,50,0]},"sa":{"a":0,"k":0},"o":{"a":0,"k":100},"r":{"a":0,"k":0}},"ef":[],"shapes":[{"ty":"gr","bm":0,"cl":"","ln":"","hd":false,"mn":"ADBE Vector Group","nm":"Group 1","ix":1,"cix":2,"np":3,"it":[{"ty":"sh","bm":0,"cl":"","ln":"","hd":false,"mn":"ADBE Vector Shape - Group","nm":"Path 1","ix":1,"d":1,"ks":{"a":0,"k":{"c":true,"i":[[22.092,0],[0,-22.091],[-22.091,0],[0,22.092]],"o":[[-22.091,0],[0,22.092],[22.092,0],[0,-22.091]],"v":[[0,-40],[-40,0],[0,40],[40,0]]}}},{"ty":"sh","bm":0,"cl":"","ln":"","hd":false,"mn":"ADBE Vector Shape - Group","nm":"Path 2","ix":2,"d":1,"ks":{"a":0,"k":{"c":true,"i":[[-21.505,0],[0,-21.505],[21.505,0],[0,21.505]],"o":[[21.505,0],[0,21.505],[-21.505,0],[0,-21.505]],"v":[[0,-39],[39,0],[0,39],[-39,0]]}}},{"ty":"fl","bm":0,"cl":"","ln":"","hd":false,"mn":"ADBE Vector Graphic - Fill","nm":"Fill 1","c":{"a":0,"k":[1,0.2196,0.2627]},"r":1,"o":{"a":0,"k":100}},{"ty":"tr","a":{"a":0,"k":[0,0],"ix":1},"s":{"a":1,"k":[{"o":{"x":0.167,"y":0.167},"i":{"x":0.833,"y":0.833},"s":[85,85],"t":105},{"o":{"x":0.167,"y":0.167},"i":{"x":0.833,"y":0.833},"s":[120,120],"t":135.000005498663}],"ix":3},"sk":{"a":0,"k":0,"ix":4},"p":{"a":0,"k":[50,50],"ix":2},"r":{"a":0,"k":0,"ix":6},"sa":{"a":0,"k":0,"ix":5},"o":{"a":1,"k":[{"o":{"x":0.167,"y":0.167},"i":{"x":0.833,"y":0.833},"s":[100],"t":105},{"o":{"x":0.167,"y":0.167},"i":{"x":0.833,"y":0.833},"s":[0],"t":135.000005498663}],"ix":7}}]}],"ind":5},{"ty":4,"nm":"Layer 3 Outlines 8","mn":"","sr":1,"st":90.0000036657751,"op":121.000004928431,"ip":90.0000036657751,"hd":false,"cl":"","ln":"","ddd":0,"bm":0,"tt":0,"hasMask":false,"td":0,"ao":0,"ks":{"a":{"a":0,"k":[50,50,0]},"s":{"a":0,"k":[100,100,100]},"sk":{"a":0,"k":0},"p":{"a":0,"k":[50,50,0]},"sa":{"a":0,"k":0},"o":{"a":0,"k":100},"r":{"a":0,"k":0}},"ef":[],"shapes":[{"ty":"gr","bm":0,"cl":"","ln":"","hd":false,"mn":"ADBE Vector Group","nm":"Group 1","ix":1,"cix":2,"np":3,"it":[{"ty":"sh","bm":0,"cl":"","ln":"","hd":false,"mn":"ADBE Vector Shape - Group","nm":"Path 1","ix":1,"d":1,"ks":{"a":0,"k":{"c":true,"i":[[22.092,0],[0,-22.091],[-22.091,0],[0,22.092]],"o":[[-22.091,0],[0,22.092],[22.092,0],[0,-22.091]],"v":[[0,-40],[-40,0],[0,40],[40,0]]}}},{"ty":"sh","bm":0,"cl":"","ln":"","hd":false,"mn":"ADBE Vector Shape - Group","nm":"Path 2","ix":2,"d":1,"ks":{"a":0,"k":{"c":true,"i":[[-21.505,0],[0,-21.505],[21.505,0],[0,21.505]],"o":[[21.505,0],[0,21.505],[-21.505,0],[0,-21.505]],"v":[[0,-39],[39,0],[0,39],[-39,0]]}}},{"ty":"fl","bm":0,"cl":"","ln":"","hd":false,"mn":"ADBE Vector Graphic - Fill","nm":"Fill 1","c":{"a":0,"k":[1,0.2196,0.2627]},"r":1,"o":{"a":0,"k":100}},{"ty":"tr","a":{"a":0,"k":[0,0],"ix":1},"s":{"a":1,"k":[{"o":{"x":0.167,"y":0.167},"i":{"x":0.833,"y":0.833},"s":[85,85],"t":90},{"o":{"x":0.167,"y":0.167},"i":{"x":0.833,"y":0.833},"s":[120,120],"t":120.0000048877}],"ix":3},"sk":{"a":0,"k":0,"ix":4},"p":{"a":0,"k":[50,50],"ix":2},"r":{"a":0,"k":0,"ix":6},"sa":{"a":0,"k":0,"ix":5},"o":{"a":1,"k":[{"o":{"x":0.167,"y":0.167},"i":{"x":0.833,"y":0.833},"s":[100],"t":90},{"o":{"x":0.167,"y":0.167},"i":{"x":0.833,"y":0.833},"s":[0],"t":120.0000048877}],"ix":7}}]}],"ind":6},{"ty":4,"nm":"Layer 3 Outlines 7","mn":"","sr":1,"st":75.0000030548126,"op":106.000004317469,"ip":75.0000030548126,"hd":false,"cl":"","ln":"","ddd":0,"bm":0,"tt":0,"hasMask":false,"td":0,"ao":0,"ks":{"a":{"a":0,"k":[50,50,0]},"s":{"a":0,"k":[100,100,100]},"sk":{"a":0,"k":0},"p":{"a":0,"k":[50,50,0]},"sa":{"a":0,"k":0},"o":{"a":0,"k":100},"r":{"a":0,"k":0}},"ef":[],"shapes":[{"ty":"gr","bm":0,"cl":"","ln":"","hd":false,"mn":"ADBE Vector Group","nm":"Group 1","ix":1,"cix":2,"np":3,"it":[{"ty":"sh","bm":0,"cl":"","ln":"","hd":false,"mn":"ADBE Vector Shape - Group","nm":"Path 1","ix":1,"d":1,"ks":{"a":0,"k":{"c":true,"i":[[22.092,0],[0,-22.091],[-22.091,0],[0,22.092]],"o":[[-22.091,0],[0,22.092],[22.092,0],[0,-22.091]],"v":[[0,-40],[-40,0],[0,40],[40,0]]}}},{"ty":"sh","bm":0,"cl":"","ln":"","hd":false,"mn":"ADBE Vector Shape - Group","nm":"Path 2","ix":2,"d":1,"ks":{"a":0,"k":{"c":true,"i":[[-21.505,0],[0,-21.505],[21.505,0],[0,21.505]],"o":[[21.505,0],[0,21.505],[-21.505,0],[0,-21.505]],"v":[[0,-39],[39,0],[0,39],[-39,0]]}}},{"ty":"fl","bm":0,"cl":"","ln":"","hd":false,"mn":"ADBE Vector Graphic - Fill","nm":"Fill 1","c":{"a":0,"k":[1,0.2196,0.2627]},"r":1,"o":{"a":0,"k":100}},{"ty":"tr","a":{"a":0,"k":[0,0],"ix":1},"s":{"a":1,"k":[{"o":{"x":0.167,"y":0.167},"i":{"x":0.833,"y":0.833},"s":[85,85],"t":75},{"o":{"x":0.167,"y":0.167},"i":{"x":0.833,"y":0.833},"s":[120,120],"t":105.000004276738}],"ix":3},"sk":{"a":0,"k":0,"ix":4},"p":{"a":0,"k":[50,50],"ix":2},"r":{"a":0,"k":0,"ix":6},"sa":{"a":0,"k":0,"ix":5},"o":{"a":1,"k":[{"o":{"x":0.167,"y":0.167},"i":{"x":0.833,"y":0.833},"s":[100],"t":75},{"o":{"x":0.167,"y":0.167},"i":{"x":0.833,"y":0.833},"s":[0],"t":105.000004276738}],"ix":7}}]}],"ind":7},{"ty":4,"nm":"Layer 3 Outlines 6","mn":"","sr":1,"st":60.0000024438501,"op":91.000003706506,"ip":60.0000024438501,"hd":false,"cl":"","ln":"","ddd":0,"bm":0,"tt":0,"hasMask":false,"td":0,"ao":0,"ks":{"a":{"a":0,"k":[50,50,0]},"s":{"a":0,"k":[100,100,100]},"sk":{"a":0,"k":0},"p":{"a":0,"k":[50,50,0]},"sa":{"a":0,"k":0},"o":{"a":0,"k":100},"r":{"a":0,"k":0}},"ef":[],"shapes":[{"ty":"gr","bm":0,"cl":"","ln":"","hd":false,"mn":"ADBE Vector Group","nm":"Group 1","ix":1,"cix":2,"np":3,"it":[{"ty":"sh","bm":0,"cl":"","ln":"","hd":false,"mn":"ADBE Vector Shape - Group","nm":"Path 1","ix":1,"d":1,"ks":{"a":0,"k":{"c":true,"i":[[22.092,0],[0,-22.091],[-22.091,0],[0,22.092]],"o":[[-22.091,0],[0,22.092],[22.092,0],[0,-22.091]],"v":[[0,-40],[-40,0],[0,40],[40,0]]}}},{"ty":"sh","bm":0,"cl":"","ln":"","hd":false,"mn":"ADBE Vector Shape - Group","nm":"Path 2","ix":2,"d":1,"ks":{"a":0,"k":{"c":true,"i":[[-21.505,0],[0,-21.505],[21.505,0],[0,21.505]],"o":[[21.505,0],[0,21.505],[-21.505,0],[0,-21.505]],"v":[[0,-39],[39,0],[0,39],[-39,0]]}}},{"ty":"fl","bm":0,"cl":"","ln":"","hd":false,"mn":"ADBE Vector Graphic - Fill","nm":"Fill 1","c":{"a":0,"k":[1,0.2196,0.2627]},"r":1,"o":{"a":0,"k":100}},{"ty":"tr","a":{"a":0,"k":[0,0],"ix":1},"s":{"a":1,"k":[{"o":{"x":0.167,"y":0.167},"i":{"x":0.833,"y":0.833},"s":[85,85],"t":60},{"o":{"x":0.167,"y":0.167},"i":{"x":0.833,"y":0.833},"s":[120,120],"t":90.0000036657751}],"ix":3},"sk":{"a":0,"k":0,"ix":4},"p":{"a":0,"k":[50,50],"ix":2},"r":{"a":0,"k":0,"ix":6},"sa":{"a":0,"k":0,"ix":5},"o":{"a":1,"k":[{"o":{"x":0.167,"y":0.167},"i":{"x":0.833,"y":0.833},"s":[100],"t":60},{"o":{"x":0.167,"y":0.167},"i":{"x":0.833,"y":0.833},"s":[0],"t":90.0000036657751}],"ix":7}}]}],"ind":8},{"ty":4,"nm":"Layer 3 Outlines 5","mn":"","sr":1,"st":45.0000018328876,"op":76.0000030955434,"ip":45.0000018328876,"hd":false,"cl":"","ln":"","ddd":0,"bm":0,"tt":0,"hasMask":false,"td":0,"ao":0,"ks":{"a":{"a":0,"k":[50,50,0]},"s":{"a":0,"k":[100,100,100]},"sk":{"a":0,"k":0},"p":{"a":0,"k":[50,50,0]},"sa":{"a":0,"k":0},"o":{"a":0,"k":100},"r":{"a":0,"k":0}},"ef":[],"shapes":[{"ty":"gr","bm":0,"cl":"","ln":"","hd":false,"mn":"ADBE Vector Group","nm":"Group 1","ix":1,"cix":2,"np":3,"it":[{"ty":"sh","bm":0,"cl":"","ln":"","hd":false,"mn":"ADBE Vector Shape - Group","nm":"Path 1","ix":1,"d":1,"ks":{"a":0,"k":{"c":true,"i":[[22.092,0],[0,-22.091],[-22.091,0],[0,22.092]],"o":[[-22.091,0],[0,22.092],[22.092,0],[0,-22.091]],"v":[[0,-40],[-40,0],[0,40],[40,0]]}}},{"ty":"sh","bm":0,"cl":"","ln":"","hd":false,"mn":"ADBE Vector Shape - Group","nm":"Path 2","ix":2,"d":1,"ks":{"a":0,"k":{"c":true,"i":[[-21.505,0],[0,-21.505],[21.505,0],[0,21.505]],"o":[[21.505,0],[0,21.505],[-21.505,0],[0,-21.505]],"v":[[0,-39],[39,0],[0,39],[-39,0]]}}},{"ty":"fl","bm":0,"cl":"","ln":"","hd":false,"mn":"ADBE Vector Graphic - Fill","nm":"Fill 1","c":{"a":0,"k":[1,0.2196,0.2627]},"r":1,"o":{"a":0,"k":100}},{"ty":"tr","a":{"a":0,"k":[0,0],"ix":1},"s":{"a":1,"k":[{"o":{"x":0.167,"y":0.167},"i":{"x":0.833,"y":0.833},"s":[85,85],"t":45},{"o":{"x":0.167,"y":0.167},"i":{"x":0.833,"y":0.833},"s":[120,120],"t":75.0000030548126}],"ix":3},"sk":{"a":0,"k":0,"ix":4},"p":{"a":0,"k":[50,50],"ix":2},"r":{"a":0,"k":0,"ix":6},"sa":{"a":0,"k":0,"ix":5},"o":{"a":1,"k":[{"o":{"x":0.167,"y":0.167},"i":{"x":0.833,"y":0.833},"s":[100],"t":45},{"o":{"x":0.167,"y":0.167},"i":{"x":0.833,"y":0.833},"s":[0],"t":75.0000030548126}],"ix":7}}]}],"ind":9},{"ty":4,"nm":"Layer 3 Outlines 4","mn":"","sr":1,"st":30.0000012219251,"op":61.0000024845809,"ip":30.0000012219251,"hd":false,"cl":"","ln":"","ddd":0,"bm":0,"tt":0,"hasMask":false,"td":0,"ao":0,"ks":{"a":{"a":0,"k":[50,50,0]},"s":{"a":0,"k":[100,100,100]},"sk":{"a":0,"k":0},"p":{"a":0,"k":[50,50,0]},"sa":{"a":0,"k":0},"o":{"a":0,"k":100},"r":{"a":0,"k":0}},"ef":[],"shapes":[{"ty":"gr","bm":0,"cl":"","ln":"","hd":false,"mn":"ADBE Vector Group","nm":"Group 1","ix":1,"cix":2,"np":3,"it":[{"ty":"sh","bm":0,"cl":"","ln":"","hd":false,"mn":"ADBE Vector Shape - Group","nm":"Path 1","ix":1,"d":1,"ks":{"a":0,"k":{"c":true,"i":[[22.092,0],[0,-22.091],[-22.091,0],[0,22.092]],"o":[[-22.091,0],[0,22.092],[22.092,0],[0,-22.091]],"v":[[0,-40],[-40,0],[0,40],[40,0]]}}},{"ty":"sh","bm":0,"cl":"","ln":"","hd":false,"mn":"ADBE Vector Shape - Group","nm":"Path 2","ix":2,"d":1,"ks":{"a":0,"k":{"c":true,"i":[[-21.505,0],[0,-21.505],[21.505,0],[0,21.505]],"o":[[21.505,0],[0,21.505],[-21.505,0],[0,-21.505]],"v":[[0,-39],[39,0],[0,39],[-39,0]]}}},{"ty":"fl","bm":0,"cl":"","ln":"","hd":false,"mn":"ADBE Vector Graphic - Fill","nm":"Fill 1","c":{"a":0,"k":[1,0.2196,0.2627]},"r":1,"o":{"a":0,"k":100}},{"ty":"tr","a":{"a":0,"k":[0,0],"ix":1},"s":{"a":1,"k":[{"o":{"x":0.167,"y":0.167},"i":{"x":0.833,"y":0.833},"s":[85,85],"t":30},{"o":{"x":0.167,"y":0.167},"i":{"x":0.833,"y":0.833},"s":[120,120],"t":60.0000024438501}],"ix":3},"sk":{"a":0,"k":0,"ix":4},"p":{"a":0,"k":[50,50],"ix":2},"r":{"a":0,"k":0,"ix":6},"sa":{"a":0,"k":0,"ix":5},"o":{"a":1,"k":[{"o":{"x":0.167,"y":0.167},"i":{"x":0.833,"y":0.833},"s":[100],"t":30},{"o":{"x":0.167,"y":0.167},"i":{"x":0.833,"y":0.833},"s":[0],"t":60.0000024438501}],"ix":7}}]}],"ind":10},{"ty":4,"nm":"Layer 3 Outlines 3","mn":"","sr":1,"st":15.0000006109625,"op":46.0000018736184,"ip":15.0000006109625,"hd":false,"cl":"","ln":"","ddd":0,"bm":0,"tt":0,"hasMask":false,"td":0,"ao":0,"ks":{"a":{"a":0,"k":[50,50,0]},"s":{"a":0,"k":[100,100,100]},"sk":{"a":0,"k":0},"p":{"a":0,"k":[50,50,0]},"sa":{"a":0,"k":0},"o":{"a":0,"k":100},"r":{"a":0,"k":0}},"ef":[],"shapes":[{"ty":"gr","bm":0,"cl":"","ln":"","hd":false,"mn":"ADBE Vector Group","nm":"Group 1","ix":1,"cix":2,"np":3,"it":[{"ty":"sh","bm":0,"cl":"","ln":"","hd":false,"mn":"ADBE Vector Shape - Group","nm":"Path 1","ix":1,"d":1,"ks":{"a":0,"k":{"c":true,"i":[[22.092,0],[0,-22.091],[-22.091,0],[0,22.092]],"o":[[-22.091,0],[0,22.092],[22.092,0],[0,-22.091]],"v":[[0,-40],[-40,0],[0,40],[40,0]]}}},{"ty":"sh","bm":0,"cl":"","ln":"","hd":false,"mn":"ADBE Vector Shape - Group","nm":"Path 2","ix":2,"d":1,"ks":{"a":0,"k":{"c":true,"i":[[-21.505,0],[0,-21.505],[21.505,0],[0,21.505]],"o":[[21.505,0],[0,21.505],[-21.505,0],[0,-21.505]],"v":[[0,-39],[39,0],[0,39],[-39,0]]}}},{"ty":"fl","bm":0,"cl":"","ln":"","hd":false,"mn":"ADBE Vector Graphic - Fill","nm":"Fill 1","c":{"a":0,"k":[1,0.2196,0.2627]},"r":1,"o":{"a":0,"k":100}},{"ty":"tr","a":{"a":0,"k":[0,0],"ix":1},"s":{"a":1,"k":[{"o":{"x":0.167,"y":0.167},"i":{"x":0.833,"y":0.833},"s":[85,85],"t":15},{"o":{"x":0.167,"y":0.167},"i":{"x":0.833,"y":0.833},"s":[120,120],"t":45.0000018328876}],"ix":3},"sk":{"a":0,"k":0,"ix":4},"p":{"a":0,"k":[50,50],"ix":2},"r":{"a":0,"k":0,"ix":6},"sa":{"a":0,"k":0,"ix":5},"o":{"a":1,"k":[{"o":{"x":0.167,"y":0.167},"i":{"x":0.833,"y":0.833},"s":[100],"t":15},{"o":{"x":0.167,"y":0.167},"i":{"x":0.833,"y":0.833},"s":[0],"t":45.0000018328876}],"ix":7}}]}],"ind":11},{"ty":4,"nm":"Layer 3 Outlines 2","mn":"","sr":1,"st":0,"op":31.0000012626559,"ip":0,"hd":false,"cl":"","ln":"","ddd":0,"bm":0,"tt":0,"hasMask":false,"td":0,"ao":0,"ks":{"a":{"a":0,"k":[50,50,0]},"s":{"a":0,"k":[100,100,100]},"sk":{"a":0,"k":0},"p":{"a":0,"k":[50,50,0]},"sa":{"a":0,"k":0},"o":{"a":0,"k":100},"r":{"a":0,"k":0}},"ef":[],"shapes":[{"ty":"gr","bm":0,"cl":"","ln":"","hd":false,"mn":"ADBE Vector Group","nm":"Group 1","ix":1,"cix":2,"np":3,"it":[{"ty":"sh","bm":0,"cl":"","ln":"","hd":false,"mn":"ADBE Vector Shape - Group","nm":"Path 1","ix":1,"d":1,"ks":{"a":0,"k":{"c":true,"i":[[22.092,0],[0,-22.091],[-22.091,0],[0,22.092]],"o":[[-22.091,0],[0,22.092],[22.092,0],[0,-22.091]],"v":[[0,-40],[-40,0],[0,40],[40,0]]}}},{"ty":"sh","bm":0,"cl":"","ln":"","hd":false,"mn":"ADBE Vector Shape - Group","nm":"Path 2","ix":2,"d":1,"ks":{"a":0,"k":{"c":true,"i":[[-21.505,0],[0,-21.505],[21.505,0],[0,21.505]],"o":[[21.505,0],[0,21.505],[-21.505,0],[0,-21.505]],"v":[[0,-39],[39,0],[0,39],[-39,0]]}}},{"ty":"fl","bm":0,"cl":"","ln":"","hd":false,"mn":"ADBE Vector Graphic - Fill","nm":"Fill 1","c":{"a":0,"k":[1,0.2196,0.2627]},"r":1,"o":{"a":0,"k":100}},{"ty":"tr","a":{"a":0,"k":[0,0],"ix":1},"s":{"a":1,"k":[{"o":{"x":0.167,"y":0.167},"i":{"x":0.833,"y":0.833},"s":[85,85],"t":0},{"o":{"x":0.167,"y":0.167},"i":{"x":0.833,"y":0.833},"s":[120,120],"t":30.0000012219251}],"ix":3},"sk":{"a":0,"k":0,"ix":4},"p":{"a":0,"k":[50,50],"ix":2},"r":{"a":0,"k":0,"ix":6},"sa":{"a":0,"k":0,"ix":5},"o":{"a":1,"k":[{"o":{"x":0.167,"y":0.167},"i":{"x":0.833,"y":0.833},"s":[100],"t":0},{"o":{"x":0.167,"y":0.167},"i":{"x":0.833,"y":0.833},"s":[0],"t":30.0000012219251}],"ix":7}}]}],"ind":12},{"ty":4,"nm":"Layer 3 Outlines","mn":"","sr":1,"st":-15.0000006109625,"op":16.0000006516934,"ip":-15.0000006109625,"hd":false,"cl":"","ln":"","ddd":0,"bm":0,"tt":0,"hasMask":false,"td":0,"ao":0,"ks":{"a":{"a":0,"k":[50,50,0]},"s":{"a":0,"k":[100,100,100]},"sk":{"a":0,"k":0},"p":{"a":0,"k":[50,50,0]},"sa":{"a":0,"k":0},"o":{"a":0,"k":100},"r":{"a":0,"k":0}},"ef":[],"shapes":[{"ty":"gr","bm":0,"cl":"","ln":"","hd":false,"mn":"ADBE Vector Group","nm":"Group 1","ix":1,"cix":2,"np":3,"it":[{"ty":"sh","bm":0,"cl":"","ln":"","hd":false,"mn":"ADBE Vector Shape - Group","nm":"Path 1","ix":1,"d":1,"ks":{"a":0,"k":{"c":true,"i":[[22.092,0],[0,-22.091],[-22.091,0],[0,22.092]],"o":[[-22.091,0],[0,22.092],[22.092,0],[0,-22.091]],"v":[[0,-40],[-40,0],[0,40],[40,0]]}}},{"ty":"sh","bm":0,"cl":"","ln":"","hd":false,"mn":"ADBE Vector Shape - Group","nm":"Path 2","ix":2,"d":1,"ks":{"a":0,"k":{"c":true,"i":[[-21.505,0],[0,-21.505],[21.505,0],[0,21.505]],"o":[[21.505,0],[0,21.505],[-21.505,0],[0,-21.505]],"v":[[0,-39],[39,0],[0,39],[-39,0]]}}},{"ty":"fl","bm":0,"cl":"","ln":"","hd":false,"mn":"ADBE Vector Graphic - Fill","nm":"Fill 1","c":{"a":0,"k":[1,0.2196,0.2627]},"r":1,"o":{"a":0,"k":100}},{"ty":"tr","a":{"a":0,"k":[0,0],"ix":1},"s":{"a":1,"k":[{"o":{"x":0.167,"y":0.167},"i":{"x":0.833,"y":0.833},"s":[85,85],"t":-15},{"o":{"x":0.167,"y":0.167},"i":{"x":0.833,"y":0.833},"s":[120,120],"t":15.0000006109625}],"ix":3},"sk":{"a":0,"k":0,"ix":4},"p":{"a":0,"k":[50,50],"ix":2},"r":{"a":0,"k":0,"ix":6},"sa":{"a":0,"k":0,"ix":5},"o":{"a":1,"k":[{"o":{"x":0.167,"y":0.167},"i":{"x":0.833,"y":0.833},"s":[100],"t":-15},{"o":{"x":0.167,"y":0.167},"i":{"x":0.833,"y":0.833},"s":[0],"t":15.0000006109625}],"ix":7}}]}],"ind":13}],"ddd":0,"h":100,"w":100,"meta":{"a":"","k":"","d":"","g":"@lottiefiles/toolkit-js 0.17.4","tc":"#ffffff"},"v":"4.9.0","fr":29.9700012207031,"op":150.000006109625,"ip":0,"assets":[]}