{
  "project_info": {
    "project_number": "1080705073726",
    "firebase_url": "https://security-mechanics-default-rtdb.asia-southeast1.firebasedatabase.app",
    "project_id": "security-mechanics",
    "storage_bucket": "security-mechanics.appspot.com"
  },
  "client": [
    {
      "client_info": {
        "mobilesdk_app_id": "1:1080705073726:android:6bd8a376320ddaebc4476f",
        "android_client_info": {
          "package_name": "com.resoluteai.guardapp"
        }
      },
      "oauth_client": [
        {
          "client_id": "1080705073726-rf7tee6hc5p84nldtd7iqplf9aonej04.apps.googleusercontent.com",
          "client_type": 3
        }
      ],
      "api_key": [
        {
          "current_key": "AIzaSyCURKcwwQ4bRosIh14YQZquKqXXmiQIik0"
        }
      ],
      "services": {
        "appinvite_service": {
          "other_platform_oauth_client": [
            {
              "client_id": "1080705073726-rf7tee6hc5p84nldtd7iqplf9aonej04.apps.googleusercontent.com",
              "client_type": 3
            }
          ]
        }
      }
    }
  ],
  "configuration_version": "1"
}